{"cameraMode":{"drawMode":0,"name":"Shaded","section":"Shading Mode"},"sceneLighting":false,"audioPlay":false,"sceneViewState":{"m_AlwaysRefresh":false,"showFog":true,"showSkybox":false,"showFlares":true,"showImageEffects":true,"showParticleSystems":true,"showVisualEffectGraphs":true,"m_FxEnabled":true},"in2DMode":false,"pivot":{"x":-0.8911952972412109,"y":5.387989521026611,"z":0.0748358964920044},"rotation":{"x":0.045731253921985629,"y":-0.686610996723175,"z":0.043274544179439548,"w":0.7243503928184509},"size":14.352456092834473,"orthographic":false}