{"cameraMode":{"drawMode":0,"name":"Shaded","section":"Shading Mode"},"sceneLighting":false,"audioPlay":false,"sceneViewState":{"m_AlwaysRefresh":false,"showFog":true,"showSkybox":false,"showFlares":true,"showImageEffects":true,"showParticleSystems":true,"showVisualEffectGraphs":true,"m_FxEnabled":true},"in2DMode":false,"pivot":{"x":0.16409999132156373,"y":-0.07795000076293946,"z":1.1115000247955323},"rotation":{"x":-0.002636129967868328,"y":0.9964825510978699,"z":-0.07637998461723328,"w":-0.03439236432313919},"size":1.8362971544265748,"orthographic":false}